'Booking', 'Seat_Number', 'FirstName', 'LastName', 'isAdult', 'Passport_ID'
'BUI7L6BNML60', 41, 'Mei', 'Wang', 1, 'AB123456'
'BUI7L6BNML60', 42, 'Jian', 'Zhang', 1, 'GH901234'
'BUI7L6BNML60', 43, 'Yuki', 'Tanaka', 0, 'IJ567890'
'BUI7L6BNML60', 44, 'Akira', 'Suzuki', 1, 'CD789012'
'BUI7L6BNML60', 45, 'Hiroshi', 'Yamamoto', 1, 'MN789012'
'BUI7L6BNML60', 46, 'Priya', 'Patel', 1, 'IJ567890'
'BUI7L6BNML60', 47, 'Amit', 'Kumar', 1, 'OP345678'
'BUI7L6BNML60', 48, 'Lin', 'Chen', 1, 'KL123456'
'BUI7L6BNML60', 49, 'Jing', 'Li', 1, 'QR901234'
'DER7L6BNM0PK', 23, 'Akiko', 'Sato', 1, 'ST567890'
'DER7L6BNM0PK', 24, 'Raj', 'Patel', 1, 'UV123456'
'DER7L6BNM0PK', 25, 'Sakura', 'Yamamoto', 1, 'WX789012'
'IOPYJ6BNM7UK', 31, 'Xin', 'Chen', 1, 'YZ345678'
'IOPYJ6BNM7UK', 32, 'Wei', 'Li', 1, 'BB567890'
'JKILL6IU50PK', 37, 'Ana', 'Sharma', 1, 'CC123456'
'JYR7L28UIJF3', 10, 'Emily', 'Wilson', 1, 'DD789012'
'KSRU46IU5724', 1, 'Sophia', 'Smith', 1, 'EE345678'
'KSRU46IU5724', 2, 'Liam', 'Johnson', 1, 'FF901234'
'KYJ3928UIBF6', 13, 'Lucas', 'White', 1, 'GG567890'
'KYJ3928UIBF6', 14, 'Mia', 'Thompson', 1, 'HH123456'
'NYR4L28UI4P2', 2, 'Sam', 'Convoy', 1, 'II789012'
'NYR4L28UI4P2', 3, 'Olivia', 'Smith', 1, 'JJ345678'
'NYR4L28UI4P2', 4, 'Liam', 'Brown', 0, 'KK901234'
'AYH4L28UI5HN', 1, 'John', 'Doe', 1, 'LL567890'
'BGR4L4JUIKFV', 3, 'Jane', 'Smith', 1, 'MM123456'
'LRR6L21II8J5', 1, 'Alice', 'Doe', 1, 'NN789012'
'LRR6L21II8J5', 2, 'Ava', 'Davis', 1, 'OO345678'
'LRR6L21II8J5', 3, 'Sophia', 'Martinez', 1, 'PP901234'
'P8J4L4JUINMK', 10, 'Samuel', 'Reed', 1, 'QQ567890'
'W6B4L28UI4NH', 6, 'Daniel', 'Green', 1, 'RR123456'
'W6B4L28UI4NH', 7, 'Sofia', 'King', 1, 'SS789012'
'W6B4L28UI4NH', 8, 'Carter', 'Adams', 1, 'TT345678'
'JLU4LJMUI8H4', 1, 'Bob', 'Smith', 1, 'UU901234'
'JLU4LJMUI8H4', 2, 'Emma', 'Lee', 1, 'VV567890'
'JLU4LJMUI8H4', 3, 'Noah', 'Wilson', 1, 'WW123456'
'JLU4LJMUI8H4', 4, 'Logan', 'Taylor', 1, 'XX789012'
'YTE99JMUI8H4', 11, 'Sakura', 'Kobayashi', 1, 'YY345678'
'YTE99JMUI8H4', 12, 'Hiroshi', 'Tanaka', 1, 'ZZ901234'
'YTE99JMUI8H4', 13, 'Yuki', 'Sato', 1, 'CD123456'
'YTE99JMUI8H4', 14, 'Akira', 'Yamamoto', 1, 'AB567890'
'YTE99JMUI8H4', 15, 'Yui', 'Nakamura', 1, 'CD123456'
'YTE99JMUI8H4', 16, 'Rajesh', 'Patel', 1, 'EF789012'
'YTE99JMUI8H4', 17, 'Amit', 'Kumar', 1, 'GH345678'
'YTE99JMUI8H4', 18, 'Wei', 'Chen', 1, 'IJ901234'
'YTE99JMUI8H4', 19, 'Jing', 'Li', 1, 'KL567890'
'YTE99JMUI8H4', 20, 'Kyung-soo', 'Kim', 1, 'MN123456'
'YTE99JMUI8H4', 21, 'Suk-won', 'Lee', 1, 'OP789012'
'540023B2412P', 1, 'Liam', 'Smith', 1, 'QR345678'
'540023B2412P', 2, 'Olivia', 'Johnson', 1, 'ST901234'
'SKH4LGUUIUBR', 1, 'Sam', 'Convoy', 1, 'II789012'
'SKH4LGUUIUBR', 2, 'Olivia', 'Smith', 1, 'ST901234'
'SKH4LGUUIUBR', 3, 'Liam', 'Brown', 0, 'UV567890'
'7TY4LGUUI3HN', 10, 'Bob', 'Smith', 1, 'WX123456'
'7TY4LGUUI3HN', 11, 'Emma', 'Lee', 1, 'YZ789012'
'7TY4LGUUI3HN', 12, 'Noah', 'Wilson', 1, 'AA345678'
'7TY4LGUUI3HN', 9, 'Logan', 'Taylor', 1, 'BB901234'
'P3H4LJMUI2NJ', 2, 'John', 'Doe', 1, 'CC567890'
'JIO4L28UIPN4', 13, 'Michael', 'Johnson', 1, 'DD123456'
'JIO4L28UIPN4', 14, 'Harper', 'Turner', 1, 'EE789012'
'BANAL33009JJ', 1, 'Aiden', 'Garcia', 1, 'FF345678'
'BANAL33009JJ', 2, 'Ella', 'Brown', 1, 'GG901234'
'APPL3B72493E', 1, 'Carl', 'Johnson', 1, 'HH567890'
'FGTYL9TYER97', 3, 'Elijah', 'Anderson', 1, 'II123456'
'FGTYL9TYER97', 4, 'Ava', 'Harris', 1, 'JJ789012'
'FGTYL9TYER97', 5, 'James', 'Brown', 1, 'KK345678'
'FGTYL9TYER97', 6, 'Emma', 'Garcia', 1, 'LL901234'
'FGTYL9TYER97', 7, 'William', 'Moore', 1, 'MM567890'
'FGTYL9TYER97', 8, 'Charlotte', 'Walker', 1, 'NN123456'
'FGTYL9TYER97', 9, 'Henry', 'Taylor', 0, 'OO789012'
'FGTYL9TYER97', 10, 'Isabella', 'Lewis', 1, 'PP345678'
'FGTYL9TYER97', 11, 'Sophia', 'Clark', 1, 'QQ901234'
'8934L9TYER97', 16, 'Olivia', 'Doe', 1, 'RR567890'
'8934L9TYER97', 17, 'Liam', 'Smith', 1, 'SS123456'
'8934L9TYER97', 18, 'Ava', 'Johnson', 1, 'TT789012'
'8934L9TYER97', 19, 'Noah', 'Martinez', 1, 'UU345678'
'8934L9TYER97', 20, 'Sophia', 'Lee', 1, 'VV901234'
'8934L9TYER97', 21, 'Logan', 'Brown', 1, 'WW567890'
'DSEU09OUI044', 2, 'James', 'Lee', 1, 'XX123456'
'VBGT7T56JOPE', 1, 'Glenn', 'Maxwell', 1, 'ZZ345678'
'65YUL0O4G0LL', 12, 'Oliver', 'Smith', 1, 'AB901234'
'65YUL0O4G0LL', 13, 'Sophia', 'Davis', 1, 'CD567890'
'65YUL0O4G0LL', 14, 'Noah', 'Wilson', 1, 'EF123456'
'NMNMR94UI0RT', 34, 'Akiko', 'Suzuki', 1, 'GH789012'
'NMNMR94UI0RT', 35, 'Ramesh', 'Gupta', 1, 'IJ345678'
'NMNMR94UI0RT', 36, 'Mei', 'Chen', 1, 'KL901234'
'NMNMR94UI0RT', 37, 'Ji-hoon', 'Kim', 1, 'MN567890'
'WUI7L94UI0PK', 21, 'Hiroshi', 'Tanaka', 1, 'OP123456'
'WUI7L94UI0PK', 22, 'Yuki', 'Sato', 1, 'QR789012'
'WUI7L94UI0PK', 23, 'Akira', 'Yamamoto', 1, 'ST345678'
'WUI7L94UI0PK', 24, 'Yui', 'Nakamura', 1, 'UV901234'
'WUI7L94UI0PK', 25, 'Rajesh', 'Patel', 1, 'WX567890'
'WUI7L94UI0PK', 26, 'Amit', 'Kumar', 1, 'YZ123456'
'WUI7L94UI0PK', 27, 'Wei', 'Chen', 1, 'AA789012'
'WUI7L94UI0PK', 28, 'Jing', 'Li', 1, 'BB345678'
'IIIII3B2412P', 1, 'Elijah', 'Taylor', 1, 'CC901234'
'IIIII3B2412P', 2, 'Ava', 'Brown', 1, 'DD567890'
'LOU6L21IIKY5', 8, 'Alexander', 'Lewis', 1, 'EE123456'
'YJRT33300HJJ', 1, 'Oliver', 'Smith', 1, 'FF789012'
'YJRT33300HJJ', 2, 'Sophia', 'Martinez', 1, 'GG345678'
'YJRT33300HJJ', 3, 'Liam', 'Brown', 1, 'HH901234'
'P754LEBUION6', 1, 'Isabella', 'Harris', 1, 'II567890'
'P754LEBUION6', 2, 'Jackson', 'Hall', 1, 'JJ123456'
'P754LEBUION6', 3, 'Aiden', 'Scott', 1, 'KK789012'
'P754LEBUION6', 4, 'Charlotte', 'Garcia', 1, 'LL345678'
'LPR34067IYYY', 1, 'Emma', 'Brown', 1, 'MM901234'
'LPR34067IYYY', 2, 'Liam', 'Johnson', 1, 'NN567890'
'OOYUL45UIPOP', 5, 'Sophia', 'Wilson', 1, 'OO123456'
'OOYUL45UIPOP', 6, 'Ethan', 'Hall', 1, 'PP789012'
'OOYUL45UIPOP', 7, 'Ava', 'Moore', 1, 'QQ345678'
'OOYUL45UIPOP', 8, 'William', 'Thompson', 1, 'RR901234'
'OOYUL45UIPOP', 9, 'Olivia', 'Clark', 1, 'SS567890'
'OOYUL45UIPOP', 10, 'Mason', 'Martin', 1, 'TT123456'
'OOYUL45UIPOP', 11, 'Charlotte', 'White', 1, 'UU789012'
'OOYUL45UIPOP', 12, 'Henry', 'Anderson', 1, 'VV345678'
'OOYUL45UIPOP', 13, 'Amelia', 'Garcia', 1, 'WW901234'
'OOYUL45UIPOP', 14, 'Benjamin', 'Turner', 1, 'XX567890'
'FFYUL78UIJKL', 17, 'Harper', 'Harris', 1, 'YY123456'
'FFYUL78UIJKL', 18, 'Evelyn', 'Scott', 1, 'ZZ789012'
'FFYUL78UIJKL', 19, 'Sofia', 'Hall', 1, 'AB345678'
'FFYUL78UIJKL', 20, 'Liam', 'Turner', 1, 'CD901234'
'FFYUL78UIJKL', 21, 'Lucas', 'Anderson', 1, 'EF567890'
'FFYUL78UIJKL', 22, 'Zoey', 'Thompson', 1, 'GH123456'
'FFYUL78UIJKL', 23, 'Aubrey', 'Wilson', 1, 'KL345678'
'FFYUL78UIJKL', 24, 'Zoe', 'Walker', 1, 'MN901234'
'96787T56JO00', 1, 'Oliver', 'Smith', 1, 'OP567890'
'96787T56JO00', 2, 'Sophia', 'Martinez', 1, 'QR123456'
'UYTRL94UI453', 11, 'Sophia', 'Smith', 1, 'UV345678'
'UYTRL94UI453', 12, 'Oliver', 'Johnson', 1, 'WX901234'
'UYTRL94UI453', 13, 'Ava', 'Williams', 1, 'YZ567890'
'UYTRL94UI453', 14, 'Liam', 'Brown', 0, 'AA123456'
'UYTRL94UI453', 15, 'Emma', 'Jones', 1, 'BB789012'
'450QLHJ2I8L4', 23, 'Ethan', 'Wilson', 1, 'CC345678'
'450QLHJ2I8L4', 24, 'Olivia', 'Johnson', 1, 'DD901234'
'450QLHJ2I8L4', 25, 'Aiden', 'Davis', 1, 'EE567890'
'450QLHJ2I8L4', 26, 'Sophia', 'Smith', 1, 'FF123456'
'450QLHJ2I8L4', 27, 'Noah', 'Brown', 0, 'GG789012'
'450QLHJ2I8L4', 28, 'Mia', 'Anderson', 1, 'HH345678'
'450QLHJ2I8L4', 29, 'Liam', 'Martinez', 1, 'II901234'
'EEOII3B2493E', 1, 'Sophia', 'Anderson', 1, 'JJ567890'
'EEOII3B2493E', 2, 'William', 'Smith', 1, 'KK123456'
'AYUU82OPI234', 1, 'Ella', 'Anderson', 1, 'LL789012'
'AYUU82OPI234', 2, 'Oliver', 'Martinez', 1, 'MM345678'
'AYUU82OPI234', 3, 'Mia', 'Garcia', 1, 'NN901234'
'AYUU82OPI234', 4, 'Ethan', 'Smith', 1, 'OO567890'
'AYUU82OPI234', 5, 'Liam', 'Williams', 1, 'PP123456'
'87PPP3300HJJ', 1, 'Isabella', 'Clark', 1, 'QQ789012'
'87PPP3300HJJ', 2, 'Alexander', 'Lewis', 1, 'RR345678'
'876U825UI0PK', 8, 'Sophia', 'Johnson', 1, 'SS901234'
'876U825UI0PK', 9, 'Ethan', 'Brown', 1, 'TT567890'
'876U825UI0PK', 10, 'Olivia', 'Lee', 1, 'UU123456'
'876U825UI0PK', 11, 'Aiden', 'Williams', 1, 'VV789012'
'VGY6696II0OO', 24, 'Olivia', 'Moore', 1, 'WW345678'
'VGY6696II0OO', 25, 'Elijah', 'White', 1, 'XX901234'
'VGY6696II0OO', 26, 'Sophia', 'Wilson', 1, 'YY567890'
'980RTUUU0KTY', 1, 'Babar', 'Azam', 1, 'ZZ123456'
'9856L96890PI', 32, 'Liam', 'Brown', 1, 'AB789012'
'9856L96890PI', 33, 'Ava', 'Anderson', 1, 'CD345678'
'9856L96890PI', 34, 'Elijah', 'White', 1, 'EF901234'
'9856L96890PI', 35, 'Mia', 'Harris', 1, 'GH567890'
'ABCPL94UI0JK', 1, 'Sakura', 'Tanaka', 1, 'IJ123456'
'ABCPL94UI0JK', 2, 'Rajesh', 'Kumar', 1, 'XY1234PQ'
'ABCPL94UI0JK', 3, 'Mei', 'Chen', 1, 'AB1234PQ'
'ABCPL94UI0JK', 4, 'Hiroshi', 'Sato', 1, 'CD5678EF'
'ABCPL94UI0JK', 5, 'Aishwarya', 'Das', 1, 'GH9012IJ'
'ABCPL94UI0JK', 6, 'Wei', 'Li', 1, 'KL3456MN'
'ABCPL94UI0JK', 7, 'Yuki', 'Nakamura', 1, 'OP7890QR'
'FTYUL94UI075', 8, 'Ananya', 'Rao', 1, 'ST2345UV'
'FTYUL94UI075', 9, 'Takashi', 'Yamamoto', 1, 'WX6789YZ'
'FTYUL94UI075', 10, 'Priya', 'Patel', 1, 'AB0123CD'
'FTYUL94UI075', 11, 'Jin', 'Kim', 1, 'EF4567GH'
'FTYUL94UI075', 12, 'Nandini', 'Sharma', 1, 'IJ8901KL'
'FTYUL94UI075', 13, 'Hiroki', 'Suzuki', 1, 'MN2345OP'
'PLCPL0OUI023', 23, 'Hiroshi', 'Tanaka', 1, 'QR6789ST'
'PLCPL0OUI023', 24, 'Mei', 'Chen', 1, 'UV0123WX'
'PLCPL0OUI023', 25, 'Rajesh', 'Kumar', 1, 'YZ4567AB'
'QWERL0O450UU', 1, 'Emma', 'Wilson', 1, 'CD8901EF'
'QWERL0O450UU', 2, 'Oliver', 'Lee', 1, 'GH2345IJ'
'QWERL0O450UU', 3, 'Sophia', 'Smith', 1, 'KL6789MN'
'QWERL0O450UU', 4, 'Liam', 'Johnson', 1, 'OP0123QR'
'QWERL0O450UU', 5, 'Ava', 'Brown', 1, 'ST4567UV'
'QWERL0O450UU', 6, 'Noah', 'Davis', 1, 'WX8901YZ'
'G78I4KIUI345', 2, 'Liam', 'Smith', 1, 'AB2345CD'
'G78I4KIUI345', 3, 'Emma', 'Wilson', 1, 'EF6789GH'
'G78I4KIUI345', 4, 'Lucas', 'Brown', 1, 'IJ0123KL'
'HJK09KIUI7KL', 10, 'Sophia', 'Johnson', 1, 'MN4567OP'
'HJK09KIUI7KL', 11, 'Jackson', 'Brown', 1, 'QR8901ST'
'HJK09KIUI7KL', 12, 'Ava', 'Smith', 1, 'UV2345WX'
'HJK09KIUI7KL', 13, 'Olivia', 'Wilson', 1, 'YZ6789AB'
'00UI4KIUIOP3', 19, 'Emma', 'Garcia', 1, 'CD0123EF'
'00UI4KIUIOP3', 20, 'Liam', 'Davis', 1, 'GH4567IJ'
'00UI4KIUIOP3', 21, 'Mia', 'Thompson', 1, 'KL8901MN'
'00UI4KIUIOP3', 22, 'Lucas', 'Hall', 1, 'OP2345QR'
'00UI4KIUIOP3', 23, 'Elijah', 'Smith', 1, 'WX0123YZ'
'OJ4583300HJJ', 1, 'Tom', 'Cruise', 1, 'AB4567CD'
'LYVPGMTFCKY5', 1, 'Sam', 'Convoy', 1, 'II789012'
'K783928UIUYT', 35, 'Sam', 'Convoy', 1, 'II789012'
'K783928UIUYT', 36, 'Jack', 'Foster', 1, 'MN6789OP'
'K783928UIUYT', 37, 'Leo', 'Carter', 1, 'QR0123ST'
'K783928UIUYT', 40, 'Lily', 'James', 0, 'UV4567WX'
'K783928UIUYT', 41, 'Caleb', 'Adams', 0, 'YZ8901AB'
'K783928UIUYT', 42, 'Zoey', 'Hall', 0, 'CD2345EF'
'K783928UIUYT', 38, 'Aubrey', 'Adams', 1, 'GH6789IJ'
'K783928UIUYT', 39, 'Zoe', 'Turner', 1, 'KL0123MN'
'UYR4LEBUI6H5', 1, 'Sam', 'Convoy', 1, 'II789012'
'W5T7L28UI0PK', 20, 'Grace', 'Moore', 1, 'ST8901UV'
'ZXP46YB2412P', 1, 'Olivia', 'Johnson', 1, 'WX2345YZ'
'ZXP46YB2412P', 2, 'Noah', 'Williams', 1, 'AB6789CD'
'ZXP46YB2412P', 3, 'Ava', 'Brown', 1, 'EF0123GH'
'ZXP46YB2412P', 4, 'William', 'Davis', 1, 'IJ4567KL'
'ZXP46YB2412P', 5, 'Sophia', 'Miller', 1, 'MN8901OP'
'KOPL94UI10PK', 1, 'Yuki', 'Tanaka', 1, 'QR2345ST'
'KOPL94UI10PK', 2, 'Akira', 'Yamamoto', 1, 'UV6789WX'
'KOPL94UI10PK', 3, 'Mei', 'Chen', 1, 'YZ0123AB'
'KOPL94UI10PK', 4, 'Ravi', 'Kumar', 1, 'CD4567EF'
'KOPL94UI10PK', 5, 'Wei', 'Li', 1, 'GH8901IJ'
'KOPL94UI10PK', 6, 'Sakura', 'Sato', 0, 'KL2345MN'
'KOPL94UI10PK', 7, 'Hiroshi', 'Watanabe', 1, 'OP6789QR'
'KOPL94UI10PK', 8, 'Ananya', 'Sharma', 1, 'ST0123UV'
'KOPL94UI10PK', 9, 'Jin', 'Kim', 1, 'WX4567YZ'
'KOPL94UI10PK', 10, 'Priya', 'Patel', 1, 'AB8901CD'
'RTUOIY739289', 11, 'Hiroshi', 'Nakamura', 1, 'EF2345GH'
'RTUOIY739289', 12, 'Ayesha', 'Chowdhury', 1, 'IJ6789KL'
'RTUOIY739289', 13, 'Jin', 'Kim', 1, 'MN0123OP'
'RTUOIY739289', 14, 'Priya', 'Patel', 1, 'QR4567ST'
'RTUOIY739289', 15, 'Yuki', 'Tanaka', 1, 'UV8901WX'
'RTUOIY739289', 16, 'Akira', 'Yamamoto', 1, 'YZ2345AB'
'RTUOIY739289', 17, 'Mei', 'Chen', 1, 'CD6789EF'
'RTUOIY739289', 18, 'Ravi', 'Kumar', 1, 'GH0123IJ'
'RTUOIY739289', 19, 'Wei', 'Li', 1, 'KL4567MN'
'RTUOIY739289', 20, 'Sakura', 'Sato', 0, 'OP8901QR'
'9E47L944YYPK', 21, 'Haruki', 'Nakamura', 1, 'ST2345UV'
'9E47L944YYPK', 22, 'Sanya', 'Chowdhury', 1, 'WX6789YZ'
'9E47L944YYPK', 23, 'Yuna', 'Kim', 1, 'AB0123CD'
'9E47L944YYPK', 24, 'Kabir', 'Patel', 1, 'EF4567GH'
'LLRRL914Y5PE', 1, 'Elijah', 'Taylor', 1, 'IJ8901KL'
'LLRRL914Y5PE', 2, 'Sofia', 'Martin', 1, 'MN2345OP'
'LLRRL914Y5PE', 3, 'Lucas', 'Anderson', 1, 'QR6789ST'
'LLRRL914Y5PE', 4, 'Zoey', 'Walker', 1, 'UV0123WX'
'LLRRL914Y5PE', 5, 'Aubrey', 'Harris', 1, 'YZ4567AB'
'LLRRL914Y5PE', 6, 'Caleb', 'White', 1, 'CD8901EF'
'LLRRL914Y5PE', 7, 'Harper', 'Smith', 1, 'GH2345IJ'
'LLRRL914Y5PE', 8, 'Evelyn', 'Wilson', 1, 'KL6789MN'
'WWWWLUUYY5PE', 1, 'Liam', 'Smith', 1, 'OP0123QR'
'WWWWLUUYY5PE', 2, 'Olivia', 'Johnson', 1, 'WX8901YZ'
'WWWWLUUYY5PE', 3, 'Lucas', 'Williams', 1, 'AB2345CD'
'WWWWLUUYY5PE', 4, 'Zoe', 'Brown', 1, 'EF6789GH'
'WWWWLUUYY5PE', 5, 'Evelyn', 'Davis', 1, 'IJ0123KL'
'WWWWLUUYY5PE', 6, 'Caleb', 'Anderson', 1, 'MN4567OP'
'OIU5675NH0PL', 1, 'Liam', 'Smith', 1, 'QR8901ST'
'OIU5675NH0PL', 2, 'Olivia', 'Johnson', 1, 'UV2345WX'
'OIU5675NH0PL', 3, 'Noah', 'Williams', 1, 'YZ6789AB'
'OIU5675NH0PL', 4, 'Emma', 'Brown', 1, 'CD0123EF'
'OIU5675NH0PL', 5, 'Liam', 'Jones', 1, 'GH4567IJ'
'OIU5675NH0PL', 6, 'Ava', 'Miller', 1, 'KL8901MN'
'OIU5675NH0PL', 7, 'Lucas', 'Davis', 1, 'OP2345QR'
'OIU5675NH0PL', 8, 'Sophia', 'Garcia', 1, 'ST6789UV'
'7845675NH034', 9, 'Sophia', 'Davis', 1, 'WX0123YZ'
'7845675NH034', 10, 'Mason', 'Hall', 1, 'AB4567CD'
'7845675NH034', 11, 'Scarlett', 'Adams', 1, 'EF8901GH'
'7845675NH034', 12, 'Carter', 'Baker', 1, 'IJ2345KL'
'7845675NH034', 13, 'Hazel', 'Lewis', 1, 'MN6789OP'
'UIOGTU5NH0PP', 15, 'Sam', 'Convoy', 1, 'QR0123ST'
'UIOGTU5NH0PP', 16, 'Olivia', 'Smith', 1, 'UV4567WX'
'UIOGTU5NH0PP', 17, 'James', 'Johnson', 1, 'YZ8901AB'
'UIOGTU5NH0PP', 18, 'Sophia', 'Martinez', 1, 'ZA1234XW'
'UIOGTU5NH0PP', 19, 'Lucas', 'Brown', 1, 'BC5678YX'
'UIOGTU5NH0PP', 20, 'Emma', 'Wilson', 1, 'DE9012WV'
'UIOGTU5NH0PP', 21, 'Liam', 'Thompson', 1, 'FG3456UV'
'UIOGTU5NH0PP', 22, 'Ava', 'Harris', 1, 'HI7890TS'
'UIOGTU5NH0PP', 23, 'Oliver', 'Evans', 1, 'JK2345SR'
'UIOGTU5NH0PP', 24, 'Isabella', 'Davis', 1, 'LM6789RQ'
'3456TU5NH0PP', 27, 'Elijah', 'Lopez', 1, 'NO0123QP'
'3456TU5NH0PP', 28, 'Grace', 'Turner', 1, 'PQ4567PO'
'3456TU5NH0PP', 29, 'Daniel', 'Ward', 1, 'RS8901ON'
'3456TU5NH0PP', 30, 'Scarlett', 'Clark', 1, 'TU2345NM'
'OIU5675NRREE', 32, 'Liam', 'Johnson', 1, 'VW6789ML'
'OIU5675NRREE', 33, 'Emma', 'Brown', 1, 'XY0123LK'
'OIU5675NRREE', 34, 'James', 'Anderson', 1, 'YZ4567KJ'
'OIU5675NRREE', 35, 'Mia', 'Moore', 1, 'ZA8901JI'
'OIU5675NRREE', 36, 'Oliver', 'Garcia', 1, 'BC2345IH'
'OIU5675NRREE', 37, 'Ava', 'Young', 1, 'DE6789HG'
'OIU5675NRREE', 38, 'William', 'Lewis', 1, 'FG0123GF'
'OIU5675NRREE', 39, 'Sophia', 'Ward', 1, 'HI4567FE'
'OIU5675NRREE', 40, 'Benjamin', 'Hall', 1, 'JK8901ED'
'OIU5675NRREE', 41, 'Charlotte', 'Evans', 1, 'LM2345DC'
'OIU5675NRREE', 42, 'Lucas', 'Martin', 1, 'NO6789CB'
'OIU5675NRREE', 43, 'Zoe', 'Lee', 1, 'PQ0123BA'
'9876575NRREE', 48, 'Alexander', 'Lewis', 1, 'RS4567AZ'
'9876575NRREE', 49, 'Aria', 'Ward', 1, 'TU8901ZA'
'9876575NRREE', 50, 'Carter', 'Perry', 1, 'VW2345ZY'
'9876575NRREE', 51, 'Grace', 'Baker', 1, 'XY6789YX'
'9876575NRREE', 52, 'Logan', 'Russell', 1, 'YZ0123XW'
'9876575NRREE', 53, 'Lily', 'Collins', 1, 'ZA4567WV'
'9876575NRREE', 54, 'Sebastian', 'Morris', 1, 'BC8901UV'
'9876575NRREE', 55, 'Zara', 'Foster', 1, 'DE2345TS'
'JKIUN75NH034', 56, 'Isabella', 'Clark', 1, 'II567890'
'JKIUN75NH034', 57, 'Scarlett', 'Barnes', 1, 'HI0123RQ'
'JKIUN75NH034', 58, 'Lucas', 'Coleman', 1, 'JK4567QP'
'JKIUN75NH034', 59, 'Madeline', 'Olson', 1, 'LM8901PO'
'JKIUN75NH034', 60, 'Henry', 'Gardner', 1, 'NO2345ON'
'JKIUN75NH034', 61, 'Amelia', 'Ward', 1, 'PQ6789NM'
'JKIUN75NH034', 62, 'Daniel', 'Hayes', 1, 'RS0123ML'
'JKIUN75NH034', 63, 'Violet', 'Doyle', 1, 'TU4567LK'
'JKIUN75NH034', 64, 'Elijah', 'Wheeler', 1, 'WX0123YZ'
'JKIUN75NH034', 65, 'Avery', 'Nelson', 1, 'XY2345JI'
'JKIUN75NH034', 66, 'Sophia', 'Lewis', 1, 'YZ6789IH'
'JKIUN75NH034', 67, 'Benjamin', 'Bennett', 1, 'ZA0123HG'
'JKIUN75NH034', 68, 'Charlotte', 'Fisher', 1, 'BC4567GF'
'654UI75NH034', 1, 'Liam', 'Cooper', 1, 'DE8901FE'
'654UI75NH034', 2, 'Emma', 'Fisher', 1, 'FG2345ED'
'654UI75NH034', 3, 'Ethan', 'Harrison', 1, 'HI6789DC'
'654UI75NH034', 4, 'Aria', 'Jenkins', 1, 'JK0123CB'
'J097396NH034', 75, 'Oliver', 'Evans', 1, 'LM4567BA'
'J097396NH034', 76, 'Sophia', 'Carter', 1, 'NO8901AZ'
'J097396NH034', 77, 'Mason', 'Parker', 1, 'PQ2345ZA'
'J097396NH034', 78, 'Ava', 'Murphy', 1, 'RS6789ZY'
'J097396NH034', 79, 'Lucas', 'Reed', 1, 'TU0123YX'
'J097396NH034', 80, 'Amelia', 'Turner', 1, 'VW4567XW'
'J097396NH034', 81, 'Benjamin', 'Ward', 1, 'XY8901WV'
'J097396NH034', 82, 'Charlotte', 'Fisher', 1, 'YZ2345UV'
'J097396NH034', 83, 'Henry', 'Morgan', 1, 'ZA6789TS'
'8310I96NH0OP', 90, 'Ella', 'Lee', 1, 'BC0123SR'
'8310I96NH0OP', 91, 'Alexander', 'Garcia', 1, 'DE4567RQ'
'8310I96NH0OP', 92, 'Grace', 'Walker', 1, 'FG8901QP'
'8310I96NH0OP', 93, 'Carter', 'Hill', 1, 'HI2345PO'
'8310I96NH0OP', 94, 'Lily', 'Adams', 1, 'JK6789ON'
'8310I96NH0OP', 95, 'James', 'Fisher', 1, 'LM0123ML'
'UIYHNTRNHPOJ', 98, 'Emma', 'Parker', 1, 'NO4567LK'
'UIYHNTRNHPOJ', 99, 'Oliver', 'Fisher', 1, 'PQ8901KJ'
'UIYHNTRNHPOJ', 100, 'Sophia', 'Baker', 1, 'RS2345JI'
'UIYHNTRNHPOJ', 101, 'Noah', 'Roberts', 1, 'TU6789IH'
'UIYHNTRNHPOJ', 102, 'Mia', 'Adams', 1, 'VW0123HG'
'UIYHNTRNHPOJ', 103, 'Liam', 'Carter', 1, 'XY4567GF'
'UIYHNTRNHPOJ', 104, 'Ava', 'Perry', 1, 'ZA2345ED'
'UIYHNTRNHPOJ', 105, 'Lucas', 'Turner', 1, 'BC6789DC'
'UIYHNTRNHPOJ', 106, 'Amelia', 'Russell', 1, 'DE0123CB'
'UIYHNTRNHPOJ', 107, 'Ethan', 'Fisher', 1, 'FG4567BA'
'UIYHNTRNHPOJ', 108, 'Chloe', 'Morgan', 1, 'HI8901AZ'
'UKL4NT340943', 109, 'Elijah', 'Foster', 1, 'BC2345PO'
'UKL4NT340943', 110, 'Avery', 'Baker', 1, 'DE6789ON'
'UKL4NT340943', 118, 'Daniel', 'Ward', 1, 'FG0123ML'
'UKL4NT340943', 119, 'Madeline', 'Hill', 1, 'HI4567LK'
'UKL4NT340943', 120, 'Henry', 'Gardner', 1, 'JK8901KJ'
'UKL4NT340943', 130, 'Violet', 'Doyle', 1, 'LM2345JI'
'UKL4NT340943', 131, 'Elijah', 'Wheeler', 1, 'NO6789IH'
'UKL4NT340943', 139, 'Avery', 'Nelson', 1, 'PQ0123HG'
'UKL4NT340943', 87, 'Daniel', 'Hayes', 1, 'RS4567GF'
'UKL4NT340943', 84, 'Madeline', 'Olson', 1, 'TU8901FE'
'UKL4NT340943', 85, 'Henry', 'Gardner', 1, 'VW2345ED'
'UKL4NT340943', 86, 'Violet', 'Doyle', 1, 'XY6789DC'
'659UO43PO782', 111, 'Ella', 'Smith', 1, 'JK2345ZA'
'659UO43PO782', 112, 'Jackson', 'White', 1, 'LM6789ZY'
'659UO43PO782', 113, 'Aria', 'Harris', 1, 'NO0123YX'
'659UO43PO782', 114, 'Liam', 'Martin', 1, 'PQ4567XW'
'659UO43PO782', 115, 'Scarlett', 'Davis', 1, 'RS8901WV'
'659UO43PO782', 116, 'Ethan', 'Clark', 1, 'TU2345UV'
'659UO43PO782', 117, 'Ava', 'Baker', 1, 'VW6789TS'
'UIO64PO78NHY', 121, 'Oliver', 'Wang', 1, 'XY0123SR'
'UIO64PO78NHY', 122, 'Lily', 'Chen', 1, 'YZ4567RQ'
'UIO64PO78NHY', 123, 'Ethan', 'Liu', 1, 'ZA8901QP'
'UIO64PO78NHY', 124, 'Sophia', 'Zhang', 1, 'BC2345PO'
'UIO64PO78NHY', 125, 'Mia', 'Zhao', 1, 'DE6789ON'
'UIO64PO78NHY', 126, 'Noah', 'Wu', 1, 'FG0123ML'
'UIO64PO78NHY', 127, 'Emma', 'Lin', 1, 'HI4567LK'
'UIO64PO78NHY', 128, 'Lucas', 'Huang', 1, 'JK8901KJ'
'UIO64PO78NHY', 129, 'Ava', 'Xu', 1, 'LM2345JI'
'45UI4GTO7UJP', 132, 'David', 'Brown', 1, 'NO6789IH'
'45UI4GTO7UJP', 133, 'Sofia', 'Kumar', 1, 'RS4567GF'
'45UI4GTO7UJP', 134, 'Liam', 'Singh', 1, 'TU8901FE'
'45UI4GTO7UJP', 135, 'Ava', 'Shah', 1, 'VW2345ED'
'45UI4GTO7UJP', 136, 'Noah', 'Gupta', 1, 'XY6789DC'
'45UI4GTO7UJP', 137, 'Mia', 'Chopra', 1, 'YZ0123CB'
'45UI4GTO7UJP', 138, 'Ethan', 'Verma', 1, 'ZA4567BA'